[
    {
        "label": "Recherche film",
        "icon": "image://special%3a%2f%2fhome%2faddons%2fplugin.video.sendtokodiU2P%2fresources%2fpng%2fsearch.png/",
        "path": "plugin://plugin.video.sendtokodiU2P/?action=findf&nom=recherche",
        "target": "videos",
        "submenu": [],
        "widgets": [],
        "guid": "guid-a074e5d6",
        "widget_style": "Poster"
    },
    {
        "label": "Recherche S\u00e9rie",
        "path": "plugin://plugin.video.sendtokodiU2P/?action=findss&nom=recherche",
        "icon": "special://skin/extras/icons/folder.png",
        "target": "videos",
        "guid": "guid-176cc881",
        "widget_style": "Poster"
    }
]