[
    {
        "icon": "special://skin/extras/icons/favourites2.png",
        "label": "$LOCALIZE[1036]",
        "path": "ActivateWindow(1160)",
        "target": "",
        "guid": "guid-d935399f"
    },
    {
        "icon": "special://skin/extras/icons/filebox.png",
        "label": "$LOCALIZE[7]",
        "path": "ActivateWindow(filemanager)",
        "target": "",
        "guid": "guid-c7ca70ad"
    },
    {
        "icon": "special://skin/extras/icons/address-card.png",
        "label": "$LOCALIZE[31359]",
        "path": "ActivateWindow(1195)",
        "target": "",
        "guid": "guid-39676d9d"
    },
    {
        "icon": "special://skin/extras/icons/power.png",
        "label": "$LOCALIZE[13009]",
        "path": "Quit()",
        "target": "",
        "guid": "guid-4a7f0553"
    }
]