<?xml version="1.0" encoding="UTF-8" standalone="yes"?>
<addon
    id="repository.m4t"
    name="M4T Repo"
    version="1.0.0"
    provider-name="M4T">

    <extension point="xbmc.addon.repository">
        <info>
            https://raw.githubusercontent.com/M4T-R/M4T-Repo/main/M4T-Repo/addons.xml
        </info>
        <checksum>
            https://raw.githubusercontent.com/M4T-R/M4T-Repo/main/M4T-Repo/addons.xml.md5
        </checksum>
        <datadir zip="true">
            https://raw.githubusercontent.com/M4T-R/M4T-Repo/main/M4T-Repo/zips/
        </datadir>
    </extension>

    <extension point="xbmc.addon.metadata">
        <summary lang="fr">Dépôt officiel M4T</summary>
        <description lang="fr">
            Dépôt Kodi officiel M4T (M4Tskin).
        </description>
        <platform>all</platform>
    </extension>
</addon>
