<?xml version="1.0.0" encoding="UTF-8"?>
<addon id="program.m4tskin"
       name="M4Tskin"
       version="1.0.0"
       provider-name="M4T">

  <extension point="xbmc.python.script" library="default.py">
    <provides>executable</provides>
  </extension>

  <extension point="xbmc.addon.metadata">
    <summary>Réappliquer mon setup Arctic Fuse 2</summary>
    <description>Injecter / restaurer mon skin Arctic Fuse 2.</description>
    <platform>all</platform>
  </extension>

</addon>
