{"library": {"images": "51", "videos": "51", "movies": "52", "sets": "512", "tvshows": "52", "episode-groups-tvshows": "512", "seasons": "512", "episode-groups-seasons": "512", "episodes": "51", "videoversions": "512", "genres": "512", "genres-music": "512", "years": "512", "years-music": "512", "studios": "512", "directors": "512", "countries": "512", "tags": "512", "roles": "512", "actors": "52", "playlists": "50", "musicvideos": "51", "artists": "50", "albums": "50", "songs": "552", "files": "50", "sources": "50", "addons": "50", "recordings": "51", "games": "51", "none-games": "51", "none-recordings": "51", "none-timers": "51", "none-search": "51", "none-providers": "50", "none-calendar": "50", "none": "50"}, "plugins": {"images": "51", "videos": "51", "movies": "52", "sets": "512", "tvshows": "52", "episode-groups-tvshows": "512", "seasons": "512", "episode-groups-seasons": "512", "episodes": "51", "videoversions": "512", "genres": "512", "genres-music": "512", "years": "512", "years-music": "512", "studios": "512", "directors": "512", "countries": "512", "tags": "512", "roles": "512", "actors": "512", "playlists": "50", "musicvideos": "51", "artists": "50", "albums": "50", "songs": "552", "files": "50", "sources": "50", "addons": "50", "recordings": "51", "games": "51", "none-games": "51", "none-recordings": "51", "none-timers": "51", "none-search": "51", "none-providers": "50", "none-calendar": "50", "none": "50"}, "plugin.video.sendtokodiu2p": {"episodes": "551", "videos": "551"}}