[
    {
        "label": "Accueil",
        "path": "noop",
        "icon": "special://skin/extras/icons/home.png",
        "target": "",
        "guid": "guid-2dbd5538",
        "widgets": [
            {
                "label": "Films tendances de la semaine",
                "path": "plugin://plugin.video.sendtokodiU2P/?action=mediasHKFilms&famille=specialWid&nomListe=Tendances+de+la+semaine&typM=movie",
                "icon": "image://special%3a%2f%2fhome%2faddons%2fplugin.video.sendtokodiU2P%2fresources%2fpng%2ffilm.png/",
                "target": "videos",
                "guid": "guid-38d42e8a",
                "widget_style": "Poster"
            },
            {
                "label": "S\u00e9ries tendances de la semaine",
                "path": "plugin://plugin.video.sendtokodiU2P/?action=mediasHKSeries&famille=specialWid&nomListe=Tendances+de+la+semaine&typM=tvshow",
                "icon": "image://special%3a%2f%2fhome%2faddons%2fplugin.video.sendtokodiU2P%2fresources%2fpng%2fserie.png/",
                "target": "videos",
                "guid": "guid-6c2c856f",
                "widget_style": "Poster"
            }
        ]
    },
    {
        "label": "$LOCALIZE[20342]",
        "icon": "special://skin/extras/icons/cinemavision.png",
        "path": "noop",
        "target": "",
        "widgets": [
            {
                "label": "Nouveaut\u00e9s",
                "path": "plugin://plugin.video.sendtokodiU2P/?action=mediasHKFilms&famille=specialWid&nomListe=Nouveaut%C3%A9s&typM=movie",
                "widget_style": "Poster",
                "target": "videos",
                "guid": "guid-669d551c"
            },
            {
                "label": "Tendances du jour",
                "path": "plugin://plugin.video.sendtokodiU2P/?action=mediasHKFilms&famille=specialWid&nomListe=Tendances+du+jour&typM=movie",
                "icon": "image://special%3a%2f%2fhome%2faddons%2fplugin.video.sendtokodiU2P%2fresources%2fpng%2ffilm.png/",
                "target": "videos",
                "guid": "guid-4b26212f",
                "widget_style": "Poster"
            },
            {
                "label": "Films fran\u00e7ais r\u00e9cents",
                "path": "plugin://plugin.video.sendtokodiU2P/?action=mediasHKFilms&famille=specialWid&nomListe=Films+fran%C3%A7ais+r%C3%A9cents&typM=movie",
                "icon": "image://special%3a%2f%2fhome%2faddons%2fplugin.video.sendtokodiU2P%2fresources%2fpng%2ffilm.png/",
                "target": "videos",
                "guid": "guid-bf744772",
                "widget_style": "Poster"
            },
            {
                "label": "Derniers ajouts",
                "path": "plugin://plugin.video.sendtokodiU2P/?action=mediasHKFilms&famille=film&offset=0",
                "icon": "image://special%3a%2f%2fhome%2faddons%2fplugin.video.sendtokodiU2P%2fresources%2fpng%2ffilm.png/",
                "target": "videos",
                "guid": "guid-7ec9b069",
                "widget_style": "Poster",
                "widget_limit": "31"
            },
            {
                "label": "Films famille r\u00e9cents",
                "path": "plugin://plugin.video.sendtokodiU2P/?action=mediasHKFilms&famille=specialWid&nomListe=Films+famille+r%C3%A9cents&typM=movie",
                "icon": "image://special%3a%2f%2fhome%2faddons%2fplugin.video.sendtokodiU2P%2fresources%2fpng%2ffilm.png/",
                "target": "videos",
                "guid": "guid-468a4e8c",
                "widget_style": "Poster"
            },
            {
                "label": "$LOCALIZE[31406]",
                "path": "plugin://plugin.video.sendtokodiU2P/?action=mediasHKFilms&famille=specialWid&nomListe=Les+plus+populaires&typM=movie",
                "widget_style": "Poster",
                "target": "videos",
                "guid": "guid-8700db05"
            }
        ],
        "guid": "guid-488ad32f",
        "spotlight_label": "Random Movies",
        "spotlight_path": "special://skin/extras/playlists/RandomMovies.xsp",
        "spotlight_icon": "special://skin/extras/icons/list-ol.png",
        "spotlight_target": "videos"
    },
    {
        "label": "S\u00e9ries",
        "path": "noop",
        "icon": "special://skin/extras/icons/director.png",
        "target": "",
        "guid": "guid-fbfd9f40",
        "widgets": [
            {
                "label": "On continue...",
                "path": "plugin://plugin.video.sendtokodiU2P/?action=suiteSerie",
                "icon": "image://special%3a%2f%2fhome%2faddons%2fplugin.video.sendtokodiU2P%2fresources%2fpng%2fMon%20historique.png/",
                "target": "videos",
                "guid": "guid-ff5cda41",
                "widget_style": "Landscape"
            },
            {
                "label": "Nouveaut\u00e9s",
                "path": "plugin://plugin.video.sendtokodiU2P/?action=mediasHKSeries&famille=specialWid&nomListe=Nouveaut%C3%A9s&typM=tvshow",
                "icon": "special://skin/extras/icons/fire2.png",
                "target": "videos",
                "guid": "guid-fbe48fe2",
                "widget_style": "Poster"
            },
            {
                "label": "Tendances du jour",
                "path": "plugin://plugin.video.sendtokodiU2P/?action=mediasHKSeries&famille=specialWid&nomListe=Tendances+du+jour&typM=tvshow",
                "icon": "image://special%3a%2f%2fhome%2faddons%2fplugin.video.sendtokodiU2P%2fresources%2fpng%2fserie.png/",
                "target": "videos",
                "guid": "guid-0e70bb90",
                "widget_style": "Poster"
            },
            {
                "label": "Les plus populaires",
                "path": "plugin://plugin.video.sendtokodiU2P/?action=mediasHKSeries&famille=specialWid&nomListe=Les+plus+populaires&typM=tvshow",
                "icon": "image://special%3a%2f%2fhome%2faddons%2fplugin.video.sendtokodiU2P%2fresources%2fpng%2fserie.png/",
                "target": "videos",
                "guid": "guid-3a6e3247",
                "widget_style": "Poster"
            }
        ]
    },
    {
        "label": "Diffuseurs S\u00e9ries",
        "icon": "special://skin/extras/icons/netflix.png",
        "path": "noop",
        "target": "",
        "widgets": [
            {
                "label": "Netflix nouveaut\u00e9s",
                "icon": "image://C%3a%5cUsers%5cbgree%5cAppData%5cRoaming%5cKodi%5caddons%5cplugin.video.themoviedb.helper%5c%2fresources%2ficons%2fmdblist%2fmdblist.png/",
                "path": "plugin://plugin.video.sendtokodiU2P/?action=mediasHKSeries&famille=specialWid&nomListe=Netflix+%3A+Nouveaut%C3%A9s&typM=tvshow",
                "target": "videos",
                "submenu": [],
                "widgets": [],
                "disabled": "",
                "guid": "guid-7ccab247",
                "widget_sortby": "default",
                "widget_style": "Poster"
            },
            {
                "label": "Disney+ nouveaut\u00e9s",
                "path": "plugin://plugin.video.sendtokodiU2P/?action=mediasHKSeries&famille=specialWid&nomListe=Disney%2B+%3A+Nouveaut%C3%A9s&typM=tvshow",
                "icon": "image://C%3a%5cUsers%5cbgree%5cAppData%5cRoaming%5cKodi%5caddons%5cplugin.video.themoviedb.helper%5cicon.png/",
                "target": "videos",
                "guid": "guid-cef70258",
                "widget_sortby": "default",
                "widget_style": "Poster"
            },
            {
                "label": "Amazon Prime nouveaut\u00e9s",
                "path": "plugin://plugin.video.sendtokodiU2P/?action=mediasHKSeries&famille=specialWid&nomListe=Prime+Video+%3A+Nouveaut%C3%A9s&typM=tvshow",
                "icon": "image://special%3a%2f%2fhome%2faddons%2fplugin.video.sendtokodiU2P%2fresources%2fpng%2fprimevideo.jpg/",
                "target": "videos",
                "guid": "guid-94c0661b",
                "widget_style": "Poster"
            },
            {
                "label": "HBO nouveaut\u00e9s",
                "path": "plugin://plugin.video.sendtokodiU2P/?action=mediasHKSeries&famille=specialWid&nomListe=HBO+Max+%3A+Nouveaut%C3%A9s&typM=tvshow",
                "icon": "image://special%3a%2f%2fhome%2faddons%2fplugin.video.sendtokodiU2P%2fresources%2fpng%2fhbomax.jpg/",
                "target": "videos",
                "guid": "guid-5937dcec",
                "widget_style": "Poster"
            },
            {
                "label": "AppleTV nouveaut\u00e9s",
                "path": "plugin://plugin.video.sendtokodiU2P/?action=mediasHKSeries&famille=specialWid&nomListe=Apple+TV%2B+%3A+Nouveaut%C3%A9s&typM=tvshow",
                "icon": "image://special%3a%2f%2fhome%2faddons%2fplugin.video.sendtokodiU2P%2fresources%2fpng%2fappletv.jpg/",
                "target": "videos",
                "guid": "guid-dae1315c",
                "widget_style": "Poster"
            },
            {
                "label": "Canal+ nouveaut\u00e9s",
                "path": "plugin://plugin.video.sendtokodiU2P/?action=mediasHKSeries&famille=specialWid&nomListe=CANAL%2B+%3A+Nouveaut%C3%A9s&typM=tvshow",
                "icon": "image://special%3a%2f%2fhome%2faddons%2fplugin.video.sendtokodiU2P%2fresources%2fpng%2fcanalplus.jpg/",
                "target": "videos",
                "guid": "guid-5894a024",
                "widget_style": "Poster"
            }
        ],
        "guid": "guid-0a9df9a5",
        "spotlight_label": "Random Tv Shows",
        "spotlight_path": "special://skin/extras/playlists/RandomTvShows.xsp",
        "spotlight_icon": "DefaultTVShows.png",
        "spotlight_target": "videos"
    },
    {
        "label": "Documentaire",
        "path": "noop",
        "icon": "special://skin/extras/icons/lightbulb.png",
        "target": "",
        "guid": "guid-823a5b0d",
        "widgets": [
            {
                "label": "Films Documentaires",
                "icon": "",
                "path": "plugin://plugin.video.sendtokodiU2P/?action=mediasHKFilms&famille=groupes&offset=0&nom=docu",
                "target": "videos",
                "submenu": [],
                "widgets": [],
                "disabled": "",
                "guid": "guid-16e3abfd",
                "widget_style": "Poster"
            },
            {
                "label": "S\u00e9ries Documentaires/Emissions",
                "path": "plugin://plugin.video.sendtokodiU2P/?action=mediasHKSeries&famille=groupes&offset=0&nom=docu",
                "icon": "image://special%3a%2f%2fhome%2faddons%2fplugin.video.sendtokodiU2P%2fresources%2fpng%2fdocu.png/",
                "target": "videos",
                "guid": "guid-3720f835",
                "widget_style": "Poster"
            }
        ]
    },
    {
        "label": "Animation",
        "path": "noop",
        "icon": "image://special%3a%2f%2fhome%2faddons%2fplugin.video.sendtokodiU2P%2fresources%2fpng%2fgenre%2fAnimation.png/",
        "target": "",
        "guid": "guid-692ac11e",
        "widgets": [
            {
                "label": "Films d'animation r\u00e9cents",
                "path": "plugin://plugin.video.sendtokodiU2P/?action=mediasHKFilms&famille=specialWid&nomListe=Films+d%27animation+r%C3%A9cents&typM=movie",
                "icon": "image://special%3a%2f%2fhome%2faddons%2fplugin.video.sendtokodiU2P%2fresources%2fpng%2ffilm.png/",
                "target": "videos",
                "guid": "guid-72015874",
                "widget_style": "Poster"
            },
            {
                "label": "Films d'animation populaires",
                "path": "plugin://plugin.video.sendtokodiU2P/?action=mediasHKFilms&famille=specialWid&nomListe=Films+d%27animation+populaires&typM=movie",
                "icon": "image://special%3a%2f%2fhome%2faddons%2fplugin.video.sendtokodiU2P%2fresources%2fpng%2ffilm.png/",
                "target": "videos",
                "guid": "guid-0128247f",
                "widget_style": "Poster"
            },
            {
                "label": "Films Animation (tous)",
                "path": "plugin://plugin.video.sendtokodiU2P/?action=mediasHKFilms&famille=genres&typgenre=Animation&offset=0&limit=30",
                "icon": "image://special%3a%2f%2fhome%2faddons%2fplugin.video.sendtokodiU2P%2fresources%2fpng%2fgenre%2fAnimation.png/",
                "target": "videos",
                "guid": "guid-0d326a3f",
                "widget_style": "Poster"
            },
            {
                "label": "S\u00e9ries d'animation r\u00e9centes",
                "path": "plugin://plugin.video.sendtokodiU2P/?action=mediasHKSeries&famille=specialWid&nomListe=S%C3%A9ries+d%27animation+r%C3%A9centes&typM=tvshow",
                "icon": "image://special%3a%2f%2fhome%2faddons%2fplugin.video.sendtokodiU2P%2fresources%2fpng%2fserie.png/",
                "target": "videos",
                "guid": "guid-83eb54c3",
                "widget_style": "Poster"
            },
            {
                "label": "S\u00e9ries d'animation populaires",
                "path": "plugin://plugin.video.sendtokodiU2P/?action=mediasHKSeries&famille=specialWid&nomListe=S%C3%A9ries+d%27animation+populaires&typM=tvshow",
                "icon": "image://special%3a%2f%2fhome%2faddons%2fplugin.video.sendtokodiU2P%2fresources%2fpng%2fserie.png/",
                "target": "videos",
                "guid": "guid-9be6ceb0",
                "widget_style": "Poster"
            },
            {
                "label": "S\u00e9ries d'animation (toutes)",
                "path": "plugin://plugin.video.sendtokodiU2P/?action=mediasHKSeries&famille=genres&typgenre=Kids&offset=0&limit=30",
                "icon": "image://special%3a%2f%2fhome%2faddons%2fplugin.video.sendtokodiU2P%2fresources%2fpng%2fgenre%2fKids.png/",
                "target": "videos",
                "guid": "guid-e91f69b1",
                "widget_style": "Poster"
            }
        ]
    },
    {
        "label": "Spectacles/Concerts",
        "path": "noop",
        "icon": "special://skin/extras/icons/masks-theater.png",
        "target": "",
        "guid": "guid-238418c0",
        "widgets": [
            {
                "label": "Spectacle",
                "path": "plugin://plugin.video.sendtokodiU2P/?action=mediasHKFilms&famille=groupes&offset=0&nom=spectacle",
                "icon": "image://special%3a%2f%2fhome%2faddons%2fplugin.video.sendtokodiU2P%2fresources%2fpng%2fspectacle.png/",
                "target": "videos",
                "guid": "guid-bef3ea0a",
                "widget_style": "Poster"
            },
            {
                "label": "Concert",
                "path": "plugin://plugin.video.sendtokodiU2P/?action=mediasHKFilms&famille=groupes&offset=0&nom=concert",
                "icon": "image://special%3a%2f%2fhome%2faddons%2fplugin.video.sendtokodiU2P%2fresources%2fpng%2fconcert.png/",
                "target": "videos",
                "guid": "guid-975e0340",
                "widget_style": "Poster"
            }
        ]
    },
    {
        "label": "Manga",
        "path": "noop",
        "icon": "special://skin/extras/icons/Crunchyroll.png",
        "target": "",
        "guid": "guid-e2e6a61e",
        "widgets": [
            {
                "label": "Films r\u00e9cents",
                "path": "plugin://plugin.video.sendtokodiU2P/?action=mediasHKFilms&famille=specialWid&nomListe=Animes+r%C3%A9cents&typM=movie",
                "icon": "image://special%3a%2f%2fhome%2faddons%2fplugin.video.sendtokodiU2P%2fresources%2fpng%2ffilm.png/",
                "target": "videos",
                "guid": "guid-20accd75",
                "widget_style": "Poster"
            },
            {
                "label": "Films populaires",
                "path": "plugin://plugin.video.sendtokodiU2P/?action=mediasHKFilms&famille=specialWid&nomListe=Animes+populaires&typM=movie",
                "icon": "image://special%3a%2f%2fhome%2faddons%2fplugin.video.sendtokodiU2P%2fresources%2fpng%2ffilm.png/",
                "target": "videos",
                "guid": "guid-64d26c33",
                "widget_style": "Poster"
            },
            {
                "label": "Films (tous)",
                "path": "plugin://plugin.video.sendtokodiU2P/?action=mediasHKSeries&famille=genres&typgenre=Anime-Jap&offset=0&limit=30",
                "icon": "image://special%3a%2f%2fhome%2faddons%2fplugin.video.sendtokodiU2P%2fresources%2fpng%2fgenre%2fAnime-Jap.png/",
                "target": "videos",
                "guid": "guid-3ccac852",
                "widget_style": "Poster"
            },
            {
                "label": "Animes r\u00e9cents",
                "path": "plugin://plugin.video.sendtokodiU2P/?action=mediasHKSeries&famille=specialWid&nomListe=Animes+r%C3%A9cents&typM=tvshow",
                "icon": "image://special%3a%2f%2fhome%2faddons%2fplugin.video.sendtokodiU2P%2fresources%2fpng%2fserie.png/",
                "target": "videos",
                "guid": "guid-66ffcb0d",
                "widget_style": "Poster"
            },
            {
                "label": "Animes populaires",
                "path": "plugin://plugin.video.sendtokodiU2P/?action=mediasHKSeries&famille=specialWid&nomListe=Animes+populaires&typM=tvshow",
                "icon": "image://special%3a%2f%2fhome%2faddons%2fplugin.video.sendtokodiU2P%2fresources%2fpng%2fserie.png/",
                "target": "videos",
                "guid": "guid-98437cb8",
                "widget_style": "Poster"
            },
            {
                "label": "Anime ( tous)",
                "path": "plugin://plugin.video.sendtokodiU2P/?action=mediasHKSeries&famille=genres&typgenre=Anime-Jap&offset=0&limit=30",
                "icon": "image://special%3a%2f%2fhome%2faddons%2fplugin.video.sendtokodiU2P%2fresources%2fpng%2fgenre%2fAnime-Jap.png/",
                "target": "videos",
                "guid": "guid-e7fee4b8",
                "widget_style": "Poster"
            }
        ]
    }
]